{"is_source_file": true, "format": "bash script", "description": "A universal database restore script that detects backup types and restores them accordingly. It supports SQLite, PostgreSQL, MySQL, and MongoDB backups, performing restore operations based on the presence of specific backup files and database availability.", "external_files": ["database_backup.db", "database_backup.sql", "database_backup.archive"], "external_methods": ["ls", "cp", "exit", "sudo -u postgres pg_isready", "psql", "mysqladmin", "mysql", "mongosh", "mongorestore"], "published": [], "classes": [], "methods": [], "calls": ["ls /usr/lib/postgresql/", "sudo -u postgres pg_isready", "psql", "mysqladmin ping", "mysql", "mongosh --port ${DB_PORT} --eval \"db.adminCommand('ping')\"", "mongorestore --port ${DB_PORT} --archive=database_backup.archive --drop --quiet"], "search-terms": ["database restore", "backup detection", "SQLite", "PostgreSQL", "MySQL", "MongoDB", "restore script", "backup files"], "state": 2, "file_id": 6, "knowledge_revision": 15, "git_revision": "96b1fefac50cb4712f7acff9f73cb3f2b51a30ec", "hash": "d42c3e6cbc3bbd627e3c08afcf4183ec", "format-version": 4, "code-base-name": "database", "filename": "database/restore_db.sh", "revision_history": [{"15": "96b1fefac50cb4712f7acff9f73cb3f2b51a30ec"}]}