{"is_source_file": true, "format": "bash", "description": "This script automates backing up different types of databases (SQLite, PostgreSQL, MySQL, MongoDB) by detecting which database is currently running and performing the appropriate backup command.", "external_files": ["/usr/lib/postgresql/", "/var/run/mysqld/mysqld.sock"], "external_methods": ["ls", "cp", "sudo -u postgres pg_isready", "sudo mysqladmin ping", "mysqladmin ping", "mysql", "mysqldump", "mongosh", "mongodump"], "published": [], "classes": [], "methods": [], "calls": ["ls", "cp", "sudo -u postgres pg_isready", "mysqladmin ping", "mysqladmin ping", "mysql", "mysqldump", "mongosh", "mongodump"], "search-terms": ["database backup script", "SQLite bash backup", "PostgreSQL backup detection", "MySQL backup fallback", "MongoDB backup command", "database backup detection script"], "state": 2, "file_id": 3, "knowledge_revision": 11, "git_revision": "96b1fefac50cb4712f7acff9f73cb3f2b51a30ec", "hash": "d7da372b768c895a33088027314656c3", "format-version": 4, "code-base-name": "database", "filename": "database/backup_db.sh", "revision_history": [{"11": "96b1fefac50cb4712f7acff9f73cb3f2b51a30ec"}]}