{"is_source_file": false, "format": "", "description": "", "external_files": [], "external_methods": [], "published": [], "classes": [], "methods": [], "calls": [], "search-terms": ["index.html", "Database Viewer", "HTML layout", "database visualization", "frontend", "client-side"], "state": 2, "file_id": 9, "knowledge_revision": 14, "git_revision": "96b1fefac50cb4712f7acff9f73cb3f2b51a30ec", "hash": "ee63333a4841bf025439c755a74c9881", "format-version": 4, "code-base-name": "database", "filename": "database/db_visualizer/public/index.html", "revision_history": [{"14": "96b1fefac50cb4712f7acff9f73cb3f2b51a30ec"}]}