{"is_source_file": true, "format": "Python", "description": "This script implements an interactive SQLite database shell, allowing users to execute SQL commands and manage database schema interactively. It's a command-line utility that provides facilities such as listing tables, showing schemas, describing tables, and executing arbitrary SQL queries.", "external_files": ["sqlite3", "sys"], "external_methods": ["sqlite3.connect", "sys.exit"], "published": ["print_help", "list_tables", "show_schema", "describe_table", "execute_query", "main"], "classes": [], "methods": [{"name": "print_help()", "description": "Outputs help information about available commands in the shell.", "scope": "", "scopeKind": ""}, {"name": "list_tables(cursor)", "description": "Lists all user-defined tables in the database.", "scope": "", "scopeKind": ""}, {"name": "show_schema(cursor, table_name=None)", "description": "Displays the CREATE statement(s) for specified or all tables.", "scope": "", "scopeKind": ""}, {"name": "describe_table(cursor, table_name)", "description": "Shows the structure of a specified table, including columns and their properties.", "scope": "", "scopeKind": ""}, {"name": "execute_query(cursor, query)", "description": "Executes an SQL query and displays the results or the affected row count.", "scope": "", "scopeKind": ""}, {"name": "main()", "description": "Main loop that runs the interactive shell, handling user input and command execution.", "scope": "", "scopeKind": ""}], "calls": ["sqlite3.connect", "conn.cursor", "cursor.execute", "cursor.fetchall", "sys.exit"], "search-terms": ["sqlite shell", "interactive database", "SQL command line", "SQLite utilities", "database schema viewer"], "state": 2, "file_id": 4, "knowledge_revision": 18, "git_revision": "96b1fefac50cb4712f7acff9f73cb3f2b51a30ec", "ctags": [{"_type": "tag", "name": "DB_NAME", "path": "/home/kavia/workspace/code-generation/simple-to-do-list-201566-201587/database/db_shell.py", "pattern": "/^DB_NAME = \"myapp.db\"$/", "language": "Python", "kind": "variable"}, {"_type": "tag", "name": "describe_table", "path": "/home/kavia/workspace/code-generation/simple-to-do-list-201566-201587/database/db_shell.py", "pattern": "/^def describe_table(cursor, table_name):$/", "language": "Python", "kind": "function", "signature": "(cursor, table_name)"}, {"_type": "tag", "name": "execute_query", "path": "/home/kavia/workspace/code-generation/simple-to-do-list-201566-201587/database/db_shell.py", "pattern": "/^def execute_query(cursor, query):$/", "language": "Python", "kind": "function", "signature": "(cursor, query)"}, {"_type": "tag", "name": "list_tables", "path": "/home/kavia/workspace/code-generation/simple-to-do-list-201566-201587/database/db_shell.py", "pattern": "/^def list_tables(cursor):$/", "language": "Python", "kind": "function", "signature": "(cursor)"}, {"_type": "tag", "name": "main", "path": "/home/kavia/workspace/code-generation/simple-to-do-list-201566-201587/database/db_shell.py", "pattern": "/^def main():$/", "language": "Python", "kind": "function", "signature": "()"}, {"_type": "tag", "name": "print_help", "path": "/home/kavia/workspace/code-generation/simple-to-do-list-201566-201587/database/db_shell.py", "pattern": "/^def print_help():$/", "language": "Python", "kind": "function", "signature": "()"}, {"_type": "tag", "name": "show_schema", "path": "/home/kavia/workspace/code-generation/simple-to-do-list-201566-201587/database/db_shell.py", "pattern": "/^def show_schema(cursor, table_name=None):$/", "language": "Python", "kind": "function", "signature": "(cursor, table_name=None)"}], "hash": "7a5a132ab2db661e22c5eb4827332833", "format-version": 4, "code-base-name": "database", "filename": "database/db_shell.py", "fields": [{"name": "DB_NAME = \"myapp.db\"", "scope": "", "scopeKind": "", "description": "unavailable"}], "revision_history": [{"18": "96b1fefac50cb4712f7acff9f73cb3f2b51a30ec"}]}