{"is_source_file": false, "format": null, "description": "", "external_files": [], "external_methods": [], "published": [], "classes": [], "methods": [], "calls": [], "search-terms": ["README.md", "simple-to-do-list-201566-201587"], "state": 2, "file_id": 1, "knowledge_revision": 13, "git_revision": "093ec98631863b7cf22b090405668a2e26f4f078", "hash": "dcc8d9c43f1fe1635800a50429a82491", "format-version": 4, "code-base-name": "database", "filename": "README.md", "revision_history": [{"13": "093ec98631863b7cf22b090405668a2e26f4f078"}]}